id_cliente,nombre_cliente,apellido_cliente,direccion_cliente,dpi_cliente
1,Luke,Tallant,5280 Dixon Parkway,7596657267657
2,Coleman,Gilstin,7836 Hazelcrest Circle,9104750056540
3,Honoria,Alesin,31 Sycamore Road,2334337627217
4,Brady,Winkett,12349 Butterfield Circle,7975774604088
5,Isabella,Westnage,20 Thierer Court,6557259550376
6,Lyndsey,Levick,93696 Menomonie Alley,1644867670398
7,Micah,Botha,8987 Manitowish Junction,3563867665280
8,Klarrisa,Benner,84 Maple Wood Parkway,5793926289491
9,Bidget,Duffield,77761 Oxford Park,2319686553087
10,Mischa,Sandys,9 Manufacturers Street,1406702466943
11,Diena,Josskowitz,44 Veith Circle,0902574472140
12,Dolli,Duplan,79 Sutteridge Point,7177855265318
13,Buddie,Wilber,4579 Mallard Crossing,6690088698873
14,Evelin,Goodredge,372 Hudson Junction,5824850980108
15,Tamma,Waddilow,08750 John Wall Plaza,2029254378408
16,Silvester,Petty,316 Green Hill,2846389009238
17,Mimi,Gladtbach,211 Lunder Alley,1045924068222
18,Oswald,Trinke,6 La Follette Road,2684390724602
19,Ashien,Jilliss,93 Sycamore Crossing,1116709106675
20,Nerti,Karlmann,1133 Lakeland Parkway,6486119816091
21,Marian,Milsted,9 Sugar Court,3248202986241
22,Vinnie,Lortzing,1 Washington Parkway,7545015817965
23,Konstance,Sleeman,5 Barby Road,4359870582087
24,Maynard,Corstan,681 Valley Edge Point,6548750426146
25,Myrwyn,McNamara,14677 Carioca Avenue,8355364472280
26,Sigfrid,Duetschens,2051 Troy Hill,9703948795020
27,Corrie,Splaven,545 Susan Point,7840999552516
28,Eugine,Kenlin,900 Clemons Pass,2513820606834
29,Adolphus,Allner,1468 Maple Crossing,0336695630011
30,Demott,Fice,359 Lindbergh Trail,8123369562626
31,Marc,Fairbairn,3039 6th Pass,2708698331296
32,Braden,Semken,22857 Daystar Junction,5461565032288
33,Crichton,Boydle,375 Killdeer Alley,1785616639518
34,Amy,Pietzner,53 Susan Avenue,4755081829052
35,Irene,Runnacles,61257 Hayes Alley,9636005607509
36,Phillip,Fisby,80 Union Point,6681706935788
37,Grannie,Brandts,4 Harbort Circle,0099571444142
38,Shina,Fiddler,618 Badeau Parkway,1043134973710
39,Aurelia,LLelweln,65 Laurel Street,6512996153511
40,Austin,Tottem,1 Jackson Crossing,5896887351730
41,Fabe,Burnie,166 Lighthouse Bay Trail,5795768538399
42,Towney,Danilov,9421 Oneill Street,9554707688397
43,Michal,Kenyon,0 Vermont Junction,4313295716899
44,Blinnie,Trethewey,101 Pennsylvania Street,9377486196873
45,Melody,Stearnes,2 Northwestern Crossing,8712907096076
46,Alison,Henric,6 Carberry Drive,2350294935988
47,Arvy,Sterricks,25815 Northport Circle,1077609616858
48,Conny,Ruslen,0 Jenna Place,0599662179241
49,Henka,Schollar,1 Montana Circle,1290782350805
50,Ingunna,Canelas,32 West Avenue,4753007889848
51,Connor,Pears,9720 Wayridge Lane,9184337099115
52,Sloan,Foucher,8 Center Center,9045130190003
53,Patty,Baddeley,3229 Mariners Cove Pass,0901105623337
54,Malachi,Rasper,50381 Southridge Parkway,5322712068365
55,Alena,Hill,3631 Brickson Park Terrace,8730816594502
56,Krissy,MacGillivray,3 4th Plaza,2477745179177
57,Gaylene,Balas,14 Schiller Center,4818541996931
58,Temple,Asprey,38461 Dexter Drive,7277063110750
59,Janenna,Headey,4731 Hollow Ridge Avenue,3666303379818
60,Emmey,Fern,6672 Kennedy Road,6996449979675
61,Illa,Antowski,3 Lien Junction,8592509666494
62,Sofie,Nowill,845 Valley Edge Center,1346304938333
63,Gwenette,Fry,9208 Holmberg Park,5886740781712
64,Gerti,Hackforth,20424 Heffernan Alley,4664595090590
65,Liva,Neath,51336 Eagan Court,6924275802156
66,Andriana,O'Garmen,8108 Di Loreto Point,2999124372564
67,Tadd,Symon,2 Butternut Center,8278129330041
68,Joceline,Wingrove,7027 Glacier Hill Center,7308782815220
69,Adham,Colvine,744 Westerfield Parkway,2713704864206
70,Siward,Walkling,43 Heffernan Terrace,5448906897522
71,Kenton,Greveson,2 Cherokee Terrace,2165674993737
72,Annie,Margrie,349 Muir Trail,5800363107381
73,Rhianna,Wakeford,4390 Crownhardt Alley,6139210797941
74,Camellia,Petruskevich,24 Sachs Park,5168936883541
75,Aurilia,Andrys,7 Lunder Point,5219184701603
76,Rozamond,Duran,7 Atwood Drive,0108767975064
77,Jessika,Ollerhad,4 Lillian Place,1617846113219
78,Almeria,Petru,60 La Follette Way,4982588716120
79,Vivian,Bentje,6850 Milwaukee Road,8421857241600
80,Adelaide,Custy,462 Village Junction,8180697988009
81,Dasi,Phibb,01493 Melody Hill,5558805572589
82,Leonora,Attarge,0205 Clove Lane,9338527537165
83,Junia,Coytes,3 Knutson Parkway,4493580791411
84,Bab,Rushbrook,88225 Petterle Circle,9192627448121
85,Patin,Slimm,8362 Schlimgen Junction,9314091238188
86,Brody,Sellar,38 Montana Hill,1207448853622
87,Tierney,Swetenham,36 Caliangt Alley,0132850666457
88,Sammie,De Simone,90000 Maywood Street,2850684299870
89,Leif,De La Cote,1326 New Castle Alley,8172131398403
90,Bride,Matthessen,464 Quincy Hill,5553033955452
91,Elaine,Helstrip,22450 Basil Junction,4442498905124
92,Rhody,Copestick,269 Bunting Hill,8035043526193
93,Ertha,Mercer,7 Claremont Avenue,4041476364661
94,Amabel,Elsmor,819 Mandrake Pass,5822178153924
95,Calida,Leap,822 Summerview Alley,1066647153178
96,Ivor,Setter,49271 Waxwing Hill,9096120841690
97,Nerty,Bamlett,2 Westend Center,1968164801940
98,Jayne,Hurburt,7794 Express Plaza,6736871650226
99,Orbadiah,McCreedy,1 Graceland Junction,3638222797503
100,Elisabet,Czyz,31 Troy Crossing,3409359105578
101,Shelby,Gepheart,59 Warbler Drive,8993345575665
102,Conney,Malter,3193 Monument Court,6847680602827
103,Velvet,McRory,84 Ilene Lane,1032724658298
104,Bettina,Bingell,72580 Emmet Alley,8008574870670
105,Fredelia,Sparway,2 Basil Parkway,8344795447372
106,Ola,Pridham,7 Hermina Drive,9664683974887
107,Hermione,Danielski,11 Dottie Park,8926116066845
108,Odetta,Urquhart,84862 Brown Crossing,3851427081825
109,Cosette,Minnock,40 Heath Point,3118267950678
110,Calypso,Bradnum,75 Autumn Leaf Crossing,1955026127103
111,Wallis,Mc Ilory,76837 Continental Alley,9614043500008
112,Harper,Osbourn,53 Manley Circle,1311161454894
113,Amity,Yurikov,8842 Haas Terrace,8397268221671
114,Dennet,Allday,9035 Dryden Pass,7288031473610
115,Marji,Haverty,73 Pankratz Lane,9193057965551
116,Vladimir,Sewill,569 Randy Point,0845013216724
117,Evangeline,Bosse,9663 Basil Place,4857528070707
118,Laural,Sparks,4 Annamark Pass,3006662629331
119,Carmina,Eastcott,13 Veith Road,2027155608320
120,Francene,Aleksidze,7096 Melody Plaza,5489138274936
121,Andy,Nendick,3184 Rutledge Court,6118317384242
122,Jacky,Ryam,2760 Maple Wood Park,8993154465558
123,Julina,Tretwell,8 Badeau Junction,0195402521160
124,Mandi,Allridge,7665 West Junction,4004158880355
125,Fayette,Benardette,118 Di Loreto Lane,5349154104452
126,Betsy,Springett,157 Karstens Hill,9860336747903
127,Cassey,Minchinton,43 Prairie Rose Street,5642622016681
128,Steven,Geipel,2410 Harper Park,5842355587309
129,Rosamund,McQuilliam,6421 Warrior Center,4997857395855
130,Gasparo,Trattles,22670 Merchant Terrace,8179422847027
131,Arnoldo,Logg,9181 Ridgeway Lane,964120846456648992
132,Corly,Pioli,42 Blue Bill Park Terrace,0127756523567
133,Elianore,Beceril,78557 Hudson Way,2287565801057
134,Buffy,Dannehl,7625 Anthes Lane,2676680966716
135,Eddi,Allkins,150 Rockefeller Pass,8314488942440
136,Clary,Tuffield,66 Ohio Pass,4609702140824
137,Lissie,Helder,1888 Fisk Plaza,9312915313200
138,Gris,Roizin,84 Mariners Cove Point,3681912828842
139,Jeramie,Rheaume,7541 Delaware Parkway,3422000371713
140,Erminie,Malarkey,64 Old Gate Place,8094705432739
141,Wake,Tinan,8258 Hoffman Way,8770734665690
142,Bear,Claessens,8 Wayridge Crossing,5498350747794
143,Dominick,Binford,14576 Spohn Court,7236532875466
144,Giovanni,Hinstock,1 Novick Center,1969320827194
145,Gabriel,Iiannoni,7869 Butterfield Point,2329657627709
146,Antonio,Robarts,3 Monument Point,6131123890264
147,Blinnie,Beelby,426 Mallard Avenue,4187913064018
148,Justis,Mortell,39 Hooker Lane,1272319516088
149,Gillie,Tatlow,5 Graceland Plaza,7341694890415
150,Arnold,Kubik,21 Esker Place,1025810295396
151,Michelina,Alvaro,433 Lake View Crossing,4582764661101
152,Hendrik,Lavender,92074 Nobel Street,7487171768441
153,Elbertine,Barnwill,468 Kropf Pass,5852147879907
154,Osgood,Marchant,4 Oak Lane,7892939369600
155,Ellette,Enticknap,6 Westerfield Place,2154597460021
156,Stirling,Jaquiss,81253 Canary Crossing,9211157260711
157,Joelie,Showler,05 Oak Point,8430339566219
158,Heddie,Clark,18293 Hayes Park,6295387513796
159,Saudra,Sowley,912 Main Point,9614187304641
160,Carolan,Ravenscroft,233 Grim Court,0685487476714
161,Marcile,Fruish,257 Browning Court,6492354897317
162,Giacobo,Sally,49 Pennsylvania Plaza,2616374681510
163,Ingeberg,Malby,5 Derek Pass,5439000806863
164,Marnia,Gidden,636 Mosinee Hill,1106426962062
165,Fina,Scaife,45662 Superior Avenue,9219159477244
166,Nicki,Matthewes,31 Bluestem Hill,9177874972001
167,Josias,Cleaves,43 Monterey Point,2613856894860
168,Madelle,Gomar,50 Hazelcrest Road,7676458145129
169,Steffane,Tessier,87 Glendale Parkway,4080009758369
170,Jonah,Butner,0 Hansons Avenue,3531383676961
171,Rebbecca,Linklater,42950 Green Center,5542040840392
172,Elena,Hirth,5730 Namekagon Avenue,8997737803498
173,Staffard,Corradino,489 Carpenter Hill,4943124882777
174,Leontine,Billows,2013 Lerdahl Terrace,5462999947102
175,Odelle,Tym,59673 Huxley Plaza,3467158287010334
176,Justinian,Gammet,16 Mandrake Street,05947009635458431
177,Rodrique,Carpenter,09 Golf Plaza,04111622859834533
178,Lucky,Baradel,82 Grim Lane,7438511292936
179,Felix,Jodkowski,86 Crescent Oaks Plaza,0125474940414
180,Elianora,Cummins,3590 Corry Pass,9089160596808
181,Celina,Torvey,9123 Loeprich Plaza,0359716178267
182,Joyann,Bilborough,69 Bunker Hill Place,1068985565436
183,Patton,Fishley,8 Doe Crossing Way,9704280004518
184,David,Gidney,6787 Lyons Court,8537469489451
185,Ynez,Base,6 Dexter Plaza,2041988231762
186,Marcelia,Fine,16508 Straubel Hill,8737647956179
187,Lu,Minelli,268 Bashford Avenue,8496548188955
188,Lammond,Staines,25 Oriole Place,0676531315670
189,Mireielle,Jeffcoate,39229 Westerfield Terrace,4557500813857
190,Leora,Gillbard,7419 Monument Hill,7281586310793
191,Meredithe,Hadland,04 Warrior Drive,4377260489470
192,Jasen,McFadyen,19 Golf Course Trail,7593494807129
193,Magdalena,Echalier,47862 Wayridge Circle,2318653685621
194,Bronson,Blacktin,2 Bunting Road,2782010858127
195,Cherie,McSorley,97639 Sommers Point,9158869759313
196,Berget,Fernandez,857 Ridge Oak Terrace,8778474454612
197,Teresita,Casillas,7220 Emmet Terrace,2283274139839
198,Wilbur,Whickman,53971 Main Pass,5631210250998
199,Erminia,Menendez,548 Havey Pass,7400736328368
200,Edee,Caple,6 Wayridge Hill,8913146052050
201,Glennis,Wilbor,84617 Weeping Birch Trail,6129088952381
202,Nat,Bleyman,0751 Hauk Circle,5927750684189
203,Earvin,Kelway,8642 Green Road,7869089753945
204,Janella,Egarr,8 Lakeland Point,6596145843722
205,Alia,Edis,4684 7th Avenue,6847876285619
206,Ingmar,Tanby,019 Nancy Crossing,4634698625412
207,Nelle,Stemp,56395 Forest Plaza,5208635468190
208,Milli,Joseland,81 Division Circle,8042436012826
209,Pryce,McCrohon,80 Drewry Drive,1354083876074
210,Frederica,Cowlas,658 Wayridge Alley,4973639070341
211,Charil,Draysey,762 School Plaza,0083567539524
212,Clarance,Wigg,8085 Columbus Alley,3236043394081
213,Bartolemo,Rigardeau,51 Meadow Ridge Pass,7588829642668
214,Lynea,Girling,1 Manley Junction,0771501834156
215,Elane,Hutley,383 Artisan Trail,1324584946898
216,Paulo,Phillps,67 Scoville Pass,4761456169657
217,Brigitte,Haville,2263 Prentice Terrace,4423430576395
218,Hettie,Bawcock,79899 Iowa Way,3640510540448
219,Kingston,Squirrell,18 Upham Circle,1142822608924
220,Garey,Ward,995 Kennedy Plaza,7722855284510
221,Dixie,Swyre,0 Continental Parkway,6078511014432
222,Midge,Aires,4395 Hanover Plaza,4040769789166
223,Francesco,Bowen,3 Glacier Hill Place,6581793438639
224,Ralf,Dignon,4 Doe Crossing Lane,5878892988860
225,Jannelle,Epilet,244 Granby Place,1055149685547
226,Kaine,Isbell,83137 Mosinee Plaza,7068937077774
227,Darleen,Pennetta,217 Coolidge Terrace,6248022857000
228,Cornelia,Di Lucia,4 Maryland Park,1315053318139
229,Alfred,Harvie,19 Farragut Plaza,2400215382439
230,Conrade,Asey,9031 Canary Crossing,9861213747277
231,Calhoun,Chang,2814 Express Parkway,0104086163867
232,Danyette,Bindin,1049 Gina Circle,2066860539762
233,Candice,Van Der Hoog,270 Twin Pines Junction,3288249163389
234,Danella,Pusey,7881 Tennyson Place,1814249491180
235,Trixi,Haizelden,508 Tomscot Alley,3844490163287
236,Reggi,MacAne,6 Macpherson Park,5689789248780
237,Brandise,Sturges,5646 Moulton Road,6678655143767
238,Guss,Rump,55 Chive Avenue,8114184431984
239,Oneida,Cello,20879 Maywood Circle,5304803024412
240,Easter,O'Hdirscoll,46342 Monterey Lane,8640631910201
241,Rochette,Trouel,71353 Kensington Parkway,3350447777043
242,Onfroi,Surgenor,19347 Summit Place,8000046671153
243,Lauryn,Cleugh,09794 Emmet Center,8532432008952
244,Gustie,Houselee,24464 Barby Alley,9259152585761
245,Gideon,McIlwain,1153 Darwin Crossing,5597283749829
246,Sheilakathryn,Toffel,310 Division Lane,3594005805361
247,Tadeas,Ginni,00647 South Lane,8225908637313
248,Mureil,Friary,807 Blackbird Plaza,9646154454133
249,Vonny,Jahnel,3 Forster Plaza,3407977372583
250,Cob,Axcel,5417 Hansons Drive,2137489534523
251,Patton,Eeles,7 Elka Center,8300841371251
252,Rosella,Montague,29 Leroy Junction,9998421661386
253,Corabelle,Vasilischev,47 Tony Road,0077327695782
254,Salome,Loosemore,33318 Nelson Street,6760567965166
255,Jeffrey,Wolton,09684 Bowman Terrace,6212478543355
256,Roi,McGarrie,49 Corben Way,5323135582020
257,Oates,Nester,4562 Portage Drive,4047749708772
258,Latia,Vinten,02 Grasskamp Drive,8731017374301
259,Donelle,Dewicke,46540 Arizona Crossing,4656140587818
260,Gilli,Bent,87494 Shopko Hill,1531932895689
261,Tony,Gainsburgh,935 Truax Terrace,1241971478264
262,Glenine,Maslin,02800 Bellgrove Road,31168083453453548608
263,James,Ashford,2 Oneill Trail,0667448674582
264,Patty,Zamboniari,48336 Fisk Street,1209605090028
265,Wylma,Rosenbaum,7 Mallard Hill,8891550817613
266,Kirsteni,Pettegre,864 Trailsway Trail,5626462714279
267,Rabi,Pallister,379 Fairview Trail,7022126913629
268,Francoise,Joderli,345 Lawn Center,3074261662761
269,Sal,Brookwood,9 Fremont Way,1262754867135
270,Barb,Dubs,4972 Southridge Road,8976841705545
271,Monroe,Luipold,8 Clove Park,5889928884140
272,Beryle,Bedding,2 Fremont Parkway,7885585578416
273,Rora,Hannigan,27079 Myrtle Avenue,9327959722245
274,Ayn,Laurence,040 Luster Terrace,3329268675789
275,Lothario,Blake,795 Pond Court,4959164100088
276,Ardelle,Webling,26642 Twin Pines Plaza,6177328084409
277,Miles,Kyndred,6763 Kipling Avenue,2649310873123
278,Robyn,Madrell,0 Huxley Terrace,5381333019335
279,Cobby,Roads,0963 Vidon Parkway,9667294945621
280,Edie,Leitche,6 Bluestem Lane,4900649419621
281,Dianemarie,Luquet,83 North Trail,5700988309317
282,Agata,Brucker,2 Mifflin Crossing,3762891841084
283,Pepito,Whitlow,5243 Superior Pass,4240660605453
284,Harmony,Scarratt,75 Fallview Lane,3244622232201
285,Thor,Hollows,7842 Del Sol Way,2717962422629
286,Adrienne,McKelloch,5 Brown Trail,7833315200048
287,Corrine,Belchem,187 Mayfield Court,3347416528730
288,Rourke,Lark,5 Kinsman Plaza,1320849810551
289,Fawn,Chicotti,70859 Farwell Pass,2353236081377
290,Claribel,Heiner,73 Golf Trail,8407646487161
291,Patrice,Gapper,73009 Ludington Pass,1851496244371
292,Bekki,Shord,40968 Ramsey Drive,1943960990458
293,Lucio,Mansell,22 Upham Drive,7596393117953
294,Carol,Jolliman,6 Johnson Park,9236762277903
295,Cornelia,Renner,2 Ryan Center,9435324459917
296,Ginger,Kirwin,4704 Kim Circle,4446865047514
297,Jaynell,Rostern,6 Prentice Trail,6400076866776
298,Eddie,Whitcombe,682 Mesta Terrace,1092767753694
299,Perrine,Rowling,3 Fremont Center,9896898379763
300,Page,Ricart,8963 Red Cloud Center,8738303896397
301,Jolee,Neumann,26384 Union Court,8757676952344
302,Sara-ann,Brocket,9 Annamark Hill,8604124958684
303,Lawrence,McQuillan,10 Thierer Alley,7799288547097
304,Dannye,Sealand,7 Village Junction,0172377637685
305,Aymer,Gellier,243 Oak Avenue,7705431162128
306,Georgena,Hartnup,81060 Burrows Parkway,8796150632482
307,Nehemiah,Vassie,4025 Marcy Center,6476816105252
308,Tripp,Scones,7 Almo Center,4890356241465
309,Walt,Aronowitz,6492 Stoughton Crossing,4037038780877
310,Sophie,Spadazzi,6206 Larry Alley,9119218968688
311,Marjy,Tomaschke,4388 Gina Street,0170126399195
312,Nalani,Terbeek,968 Spenser Pass,9116007918033
313,Findley,McCafferty,681 Donald Way,5218975752027
314,Isiahi,Renney,45 Dwight Place,1723129792301
315,Renado,Hebblewhite,28445 Thierer Park,3669449234613
316,Zechariah,Petrovic,29 Autumn Leaf Road,6390072623033
317,Minor,Sives,54457 Veith Park,7421668620693
318,Reinald,Dockrey,3743 Rigney Drive,7375648253708
319,Robbyn,Beane,2572 Surrey Parkway,9839519208345343536
320,Franz,Handford,879 Colorado Drive,3285646731389
321,Dorise,O'Crotty,9044 Esch Drive,3879481807505
322,Guntar,Mollindinia,46 Transport Road,2153392867122
323,Albertina,Getcliffe,38 Gale Pass,4521921818865
324,Faun,Willoway,62383 Merrick Lane,4949959788070
325,Caldwell,Wheelhouse,335 Prairie Rose Point,7257811588885
326,Dory,Clausius,4 Pawling Parkway,2805271338474
327,Tremaine,Barrett,30967 Shasta Park,8691483274168
328,Kristien,Sargant,75884 Becker Center,7210821542012
329,Susi,Triggle,7 Sheridan Court,7555106911392
330,Meredithe,Tregidga,013 Pepper Wood Center,3585511785790
331,Ambrose,Portingale,40112 Dottie Park,4125648650426
332,Margit,Saynor,64 Bayside Junction,6421506400563
333,Clim,Craythorne,572 Schurz Street,3133334651728
334,Roxine,Grundon,797 Elka Court,2666871311042
335,Mead,Longthorne,80 Dovetail Junction,7724650924809
336,Marlon,Fairhead,9862 Bartelt Pass,9961493036371
337,Vanya,Holdron,3619 Vidon Pass,4992469442424
338,Ram,Mutch,056 Oak Road,2332192656681
339,Hobie,Herculeson,57563 Boyd Plaza,1110731475285
340,Jess,Hepher,5 Straubel Road,8923952844502
341,Derrick,Duthie,2971 4th Plaza,1828764349863
342,Maryanna,Fforde,87776 Sullivan Point,7354252079773
343,Paul,Fawcett,696 Almo Trail,6014718477441
344,Belva,Wiggins,3 Sage Drive,5308900579878
345,Vasili,Veysey,5 Golf View Center,0497729019842
346,Raddy,Speariett,216 Harbort Hill,7285151871293
347,Nickolaus,Fryman,2770 Meadow Valley Street,6218916000523
348,Agosto,Okell,8186 Macpherson Hill,5798521208440
349,Carling,Crolla,641 Manley Drive,6533175412844
350,Maurita,Dulson,9927 Lakewood Gardens Plaza,4731019944795
351,Candace,Ragborne,06 Warbler Circle,9849367361278
352,Maia,Goodlatt,17 Village Green Plaza,6384278162658
353,Mara,Garfield,85 Coolidge Hill,4901761958943
354,Rodolphe,Heintsch,8 Dryden Park,6938739094912
355,Nita,Grunwald,12 Jackson Pass,9695683115239
356,Colman,Tyler,35919 Mitchell Lane,2386078943050
357,Giffy,Szabo,2 Acker Hill,2383230505284
358,Goldy,Gravett,4471 Ohio Lane,6913670974303
359,Taber,Surridge,257 Grayhawk Hill,1292929680428
360,Elisa,Bumphrey,4 Cherokee Plaza,0122273036550
361,Bobby,Hallgath,1 Parkside Plaza,0266529412473
362,Tommie,Philcock,0712 Oak Valley Point,7161860973515
363,Ware,Arne,8094 Acker Drive,3386124891278
364,Larry,Kitchenside,45 Hoepker Junction,4184996718988
365,Caleb,Wannan,777 Swallow Junction,3093991437831
366,Alice,Loraine,20 Jenifer Park,0239862513277
367,Lesli,McTeague,2938 Judy Road,1373054945392
368,Aurea,Driscoll,1581 Hanover Parkway,2657075017126
369,Starlin,Tookill,29 Linden Crossing,8349222771665
370,Paxon,Kivits,57917 Hollow Ridge Avenue,1054164671290
371,Reynolds,Ruperti,812 Atwood Drive,3338011634417
372,Catlee,Willoughway,813 Warrior Way,1061970524632
373,Queenie,Gosland,3785 Victoria Plaza,4553027429470
374,Gusty,Reyes,1 Clyde Gallagher Avenue,8703932764619
375,Antonie,Borles,4 Manitowish Point,2995607130959
376,Doyle,Hayller,269 Maywood Crossing,2007914154663
377,Jeanie,Trumper,871 Ilene Place,57100563134534535433293
378,Cecily,Sandeman,84 Washington Trail,5028287642454
379,Alexei,Bomb,44 Luster Parkway,7515782125023
380,Josh,Yakobowitz,9 Rusk Street,6273852122762
381,Shannah,Hamelyn,269 Coleman Way,0213293940768
382,Rory,Marquand,193 Sutherland Plaza,0440834003394
383,Filmer,Jellicorse,5 American Circle,0302215951515
384,Siouxie,Selbach,53 Hauk Parkway,1238445830293
385,Phoebe,Rolston,039 Pine View Avenue,9555387606430
386,Noel,Gillie,7 Clyde Gallagher Drive,1419910752633
387,Emile,Hillaby,554 Pine View Street,2146655850671
388,Dione,Schust,56156 Walton Plaza,8475645837054
389,Karena,Forsdyke,482 Morrow Drive,6569630684984
390,Benetta,Rooksby,51 Reindahl Point,7727963004131
391,Morgan,Dreinan,6084 Eastlawn Park,3659314744977
392,Dari,Tampion,8608 Mosinee Place,0273540484961
393,Rosaline,Hancke,24132 Declaration Drive,9155888377433
394,Sayer,Tennewell,77408 Calypso Hill,6397171985693
395,Bald,Smallshaw,03910 Lake View Trail,2539299703811
396,Johnette,Ratledge,04192 Lake View Drive,1938655998807
397,Nanny,Cradey,0 Green Parkway,5434134211967
398,Johann,Sadlier,34 Thackeray Trail,4152215299016
399,Bucky,Wayvill,45994 Troy Plaza,4192558391764
400,Masha,Pendock,53323 Elka Center,5475719278910
401,Brooke,Loude,195 Del Mar Circle,4742662439106
402,Lacy,Utridge,24600 Victoria Center,4301801557857
403,Arnuad,Norcliff,5 Jay Court,2097088204184
404,Kassie,Lilburn,030 Saint Paul Place,2657102341721
405,Robb,Pedley,7102 Leroy Center,3204352183083
406,Lona,Delicate,66 Packers Point,8189307905277
407,Shanta,Crimes,9740 Eggendart Terrace,6676536908621
408,Ruthann,Marchington,251 Rockefeller Crossing,0502936454867
409,Leanora,von Nassau,58674 Pond Parkway,1153378309556
410,Trueman,Mcsarry,99934 Sutteridge Alley,8375059956795
411,Marquita,Hegerty,72 Utah Avenue,7755425134411
412,Clio,Berrie,694 Namekagon Trail,6531973816727
413,Hetty,Strelitzer,03 Swallow Lane,4602753915402
414,Martynne,Helliwell,8301 Debs Place,5539755402459
415,Nickola,Gomby,44509 John Wall Point,5653098926842
416,Birdie,Leber,49 Wayridge Court,4813831048829
417,Davida,Oliphant,15030 Oxford Place,17867345345322335384
418,Justina,Lunbech,72508 Nelson Hill,0310615094255
419,Allyce,Apdell,59855 Loeprich Crossing,5924467187728
420,Shannen,Woolvett,6740 Brown Way,5835609917965
421,Matthiew,Prestwich,103 Farmco Park,9172300735792
422,Louise,Lang,26856 Glendale Way,7029256273386
423,Krisha,McNeill,148 Anhalt Plaza,0709418577902
424,Zsa zsa,Twigg,7 Lakewood Gardens Plaza,0402941694102
425,Ronda,Rudge,9269 Lakewood Point,0707726316662
426,Ezmeralda,Moth,3 Muir Lane,5842454849437
427,Nestor,Miere,089 Dottie Way,6314352374688
428,Lorilyn,Mc Carroll,57668 Redwing Park,9669587046978
429,Sophronia,Caneo,58499 Maple Wood Terrace,1503802547432
430,Bennie,Dilliston,6169 Bowman Hill,3212797532354
431,Darn,Beavers,399 Crownhardt Park,9126619245708
432,Lydia,Geerdts,803 Green Trail,6973318902508
433,Jonell,Stanner,0 Michigan Center,5737502678268
434,Jeniffer,Corbridge,63552 Butternut Pass,6412854816372
435,Jaymie,Woollard,133 Hazelcrest Lane,2400434679474
436,Kylie,Armsden,7781 Elgar Parkway,8949960975660
437,Xenia,Neissen,90915 Scott Point,8458422199494
438,Elysha,Kee,50 Sullivan Avenue,2424697423334
439,Lavena,Mackinder,3 Hanover Avenue,9499798586178
440,Teena,Sloane,84220 Steensland Avenue,1284900418657
441,Anson,Prendergrast,5 Larry Junction,1296753236066
442,Ninon,Panas,33 Reindahl Point,1334659233711
443,Othilie,Geratt,01496 Laurel Point,6157780074005
444,Aldis,Chatterton,366 Manitowish Plaza,3011018356852
445,Luise,Rishbrook,85223 Longview Hill,9802936043773
446,Angel,Helks,0195 Merry Street,9146712771046
447,Sella,Boullen,1 Sutteridge Avenue,7954199116540
448,Talia,Aitken,28 Meadow Valley Crossing,5730928713793
449,Roselin,Dowman,65 Utah Trail,4788486216789
450,Kerianne,Nowill,14 Golden Leaf Pass,2375978575401
451,Griz,Abberley,9582 Mesta Drive,9036593691663
452,Eimile,Nelsen,76231 Burning Wood Point,0990063572391
453,Adan,Brownstein,727 Delladonna Court,22434538981985619
454,Roselin,Barnhill,0 Moland Hill,2443853488824
455,Worth,Andries,152 Petterle Circle,2246718929918
456,Morganne,Musson,57044 Truax Junction,0752523953447
457,Aharon,Bruyns,8 Susan Center,9094197196527
458,Valene,Stable,4168 Hallows Pass,8928491769951
459,Antoni,Coghill,0384 Bowman Junction,0096161269333
460,Merl,St Angel,6 Steensland Terrace,5950732429612
461,Delaney,Cattellion,661 Service Drive,3486968771803
462,Bernarr,McCuis,18587 Upham Hill,1237145861332
463,Bettine,Arnell,3894 Lotheville Trail,3449385986348
464,Ainslie,Ishak,8956 Sherman Place,9195762089465
465,Ansell,Bletcher,0632 Dryden Junction,3549940135408
466,Yanaton,Caldero,7 Utah Pass,4666232574915
467,Steffie,Goggan,9 Ramsey Alley,7714956281816
468,Nydia,Elgy,5 Canary Plaza,6842257568139
469,Abdel,Antonetti,2801 Reinke Hill,5390788609244
470,Isaac,Bartlam,58834 Kensington Junction,53345335466323674
471,Bendix,Sutherington,68 Acker Plaza,7511177803557
472,Morganica,Bucksey,155 Mayfield Place,3901220104244
473,Yoko,Attwell,14233 Sloan Crossing,6074319489317
474,Linn,Notman,66103 Fordem Place,3257950674145
475,Camel,Coulthart,6523 Dottie Crossing,0078877757265
476,Crissie,McIlwaine,0 Grasskamp Avenue,8922105258493
477,Jemima,Sambidge,9367 Lerdahl Place,7629344528731
478,Merill,Cordon,8 Helena Place,6833048766116
479,Carri,Job,4 Waywood Parkway,8132516686819
480,Zorah,Quemby,27 Westport Terrace,5600426176279
481,Luigi,Braybrookes,31840 Knutson Way,7516257568542
482,Allsun,Bendall,93 Ronald Regan Terrace,7962561863568
483,Basia,Dickerson,670 Arkansas Park,0704099656029
484,Faye,Francklyn,5955 Vidon Street,2829284606701
485,Stillmann,De Lorenzo,3252 Golf Course Park,6632951699664
486,Vi,Jukubczak,49 Algoma Crossing,0812147867619
487,Anita,Coombe,2744 Express Drive,8322705659088
488,Ario,Buttrick,4213 Elgar Drive,4614724780639
489,Aharon,Gilhooley,913 Brentwood Park,8960604725897
490,Rosie,Kimber,47960 Swallow Point,7567323395020
491,Pernell,Robben,71759 Eggendart Parkway,0735038553569
492,Trey,Oakland,53093 Washington Trail,5617148016879
493,Barton,Stanyland,0 Vernon Circle,9717936563568
494,Prent,Doggrell,3215 Village Green Lane,8953741308275
495,Veronika,Mayer,6915 Rigney Point,8848682825115
496,Ealasaid,Idney,02 Weeping Birch Road,5768421559132
497,Ly,Keveren,04 Delladonna Road,5534286427775
498,Meredith,Maddison,45311 Holy Cross Place,9866440326353
499,Abel,Fitzhenry,02817 Jana Park,6915127871875
500,Babita,Keeney,45 Homewood Circle,1196798827991
501,Arley,Jorden,5 Namekagon Crossing,0938040836829
502,Yasmin,Crookston,5085 Sachtjen Hill,7391559084461
503,Nealson,Edlyn,04158 Mifflin Place,6575684494378
504,Noam,Ellington,48276 Tomscot Pass,1123590067461
505,Ynes,Kitchenman,992 Ryan Parkway,2735138442403
506,Kinnie,April,432 Glacier Hill Circle,46203772345367938
507,Sawyer,Carr,007 Duke Avenue,1228019593184
508,Teena,Shuttle,82264 Bellgrove Hill,2497681878442
509,Jessa,Cyseley,138 Calypso Center,0371969641223
510,Gardy,Ricciardello,3510 Karstens Place,2088769340679
511,Zitella,Milmo,7 Kings Court,6962921833680
512,Kim,Klug,466 Manley Terrace,6831616673243
513,Shirlene,Shah,7784 Saint Paul Plaza,1308605525577
514,Adamo,McCarle,1 Riverside Court,5728002227702
515,Hubie,Lambricht,65 Straubel Circle,7903428207454
516,Sunshine,Bool,55 Kennedy Hill,5735540554794
517,Kurt,Wackett,6 Hanover Crossing,6060146522145
518,Ring,Longthorne,31353 Sage Crossing,1171408013735
519,Hedwig,Tosh,43571 Mifflin Center,9210986268198
520,Karoline,Wardhaugh,98 Scott Center,1756479181799
521,Winfred,Addekin,5 Del Sol Parkway,6595820779052
522,Jesse,Roxby,4 Randy Street,6294037099359
523,Clara,Borgnol,60999 Corry Circle,9254665851479
524,Geoffrey,Ilyinski,483 Meadow Vale Center,0010727481756
525,Christian,Belcham,4354 Norway Maple Junction,3352573091186
526,Katee,Shearmur,75 Jana Terrace,7036413685638
527,Issie,Ivanonko,90 Bayside Center,4752693518075
528,Dorena,Keedy,93 Havey Street,9635317061122
529,Zeb,Freestone,59 Swallow Circle,3600586432830
530,Janis,Makey,66432 Lukken Terrace,6323697520373
531,Marcille,Bosdet,66264 Waubesa Park,9295413477458
532,Shandra,Mayfield,24 Fieldstone Street,1341058148703
533,Virgie,Coleby,57 5th Center,3970410284136
534,Katerine,Belone,3225 Vahlen Place,4187756752876
535,Amalee,Gradon,5626 Golden Leaf Circle,2054973192384
536,Kiley,Whiteway,81 Mayfield Circle,0396887951512
537,Carmelita,Celez,0 Orin Avenue,3174763892120
538,Alisha,Delouch,00 Grim Trail,3793232364283
539,Halsey,Hindmoor,4 Clyde Gallagher Hill,4252362756083
540,Vivian,Conew,7192 Atwood Plaza,4211641288409
541,Nerita,Foote,61 Cody Court,1967104638857
542,Denney,Casement,117 Arapahoe Avenue,5584995451825
543,Nicolas,Lebarree,93823 Shelley Hill,7241013117665
544,Georgena,Hanner,3 Prentice Court,5534113576363
545,Garth,De Ambrosi,87 Granby Park,9352378239050
546,Ferd,Hessing,69 Maryland Place,850398205534538237
547,Mar,Sworne,230 Daystar Road,9693189614515
548,Cam,Buddington,36315 Golf View Trail,6612622850317
549,Perice,Bartlett,8507 Northfield Drive,0418295022098
550,Hersh,Gilffillan,548 Lerdahl Road,6855144519152
551,Halley,Gianasi,682 Parkside Terrace,7750256135325
552,Lorry,Drew,254 Forest Run Pass,6729659131234
553,Chuck,Rule,87 Rigney Parkway,3683300812299
554,Patric,Delhay,8 1st Terrace,3225651059171
555,Franciska,Allberry,8 Russell Terrace,2135618974340
556,Susie,Grigoletti,2 Cardinal Parkway,5162021784764
557,Micheil,McCullough,174 Katie Terrace,9637889869753
558,Inge,Bergeau,8 School Plaza,5067818817144
559,Barri,Thaine,77 Rigney Parkway,5131605632574
560,Jareb,Blazey,1 Arrowood Plaza,3189930576832
561,Levy,McCurtin,808 Wayridge Court,6012261039473
562,Malanie,Artin,13186 South Circle,3980127025693
563,Khalil,Folds,5 Merrick Lane,7063256936715
564,Ive,Tattersfield,5 Morningstar Street,2199690013393
565,Teddie,Banbrook,667 Arrowood Circle,7075732729706
566,Ebeneser,Boullen,507 Donald Court,9999362969524
567,Nikkie,Kirkebye,2415 Sycamore Street,4442591240840
568,Sena,Zanolli,9 Meadow Valley Drive,1742366501154
569,Nevin,Davidwitz,5449 Buell Circle,4308144825446
570,Gabbi,Coote,54 Montana Avenue,8231648749146
571,Samuele,Lawtie,8699 Scott Lane,0530739575712
572,Torin,Polden,333 Westport Point,0378094202323
573,Sallee,Wheeldon,345 Dixon Point,9992067497209
574,Cordi,McDirmid,0541 Valley Edge Lane,5057856553738
575,Carolan,Humm,55801 Jana Terrace,7806473264852
576,Raleigh,Verrillo,654 Schmedeman Alley,7993429824954
577,Phyllida,Davidsson,6 Pearson Junction,3026938750850
578,Trent,Oakenfall,5227 Emmet Circle,8139354727836
579,Lian,Hatliff,499 Farmco Crossing,4946277861697
580,Ginni,Millier,7 Springs Trail,1351351090155
581,Portie,Laguerre,09 Birchwood Center,7320768659061
582,Elmore,Beenham,2127 Rowland Drive,6173687467468
583,Marika,Rosebotham,605 Carberry Street,8165356100094
584,Paddy,Stilwell,753 Reinke Parkway,4598846957294
585,Rochella,Darrington,54 Pearson Point,0776735847167
586,Kirk,Feldstern,8 Katie Junction,1096562713453455265
587,Mignonne,Urquhart,1192 Marquette Parkway,2548645235319
588,Tiffani,MacCourt,50588 Sachtjen Way,2613584105346
589,Modestia,Farnill,5 Independence Point,5118788617763
590,Bertha,Breinlein,07900 Merrick Road,5005661878946
591,Clayson,Tocknell,21348 Elgar Parkway,2389190787861
592,Wally,Gini,63206 Kings Avenue,0921921793740
593,Arabela,Imlacke,2 Blaine Place,2689393974050
594,Shandra,Longfellow,28079 Emmet Center,5432163620247
595,Derrick,Kilgrove,9 Crescent Oaks Center,1801875012664
596,Jacintha,Oakland,491 Debs Junction,7509040158644
597,Leland,Teall,7 Hanson Drive,4082771597519
598,Torre,Ryles,6 Jay Trail,1038567530030
599,Mellisa,Deveral,48483 Rowland Road,5293837193314
600,Vinny,Cowp,5039 Dixon Circle,1630436786864
601,Dalila,Sear,1935 Scofield Way,7744194618298
602,Gertruda,Calender,5027 Spohn Lane,5615023646995
603,Jan,Velten,2 Oneill Terrace,6124448719024
604,Zebulon,Work,3 Maryland Alley,1539302637792
605,Jenelle,Gladman,0 Myrtle Junction,0478440843304
606,Giffer,Crathern,93014 Farwell Lane,3352796988542
607,Charmaine,Fitzsymonds,774 Buhler Plaza,0914614585300
608,Cecilia,O'Lyhane,03952 Loeprich Place,0317094286878
609,Minda,Maltby,58003 Hayes Parkway,6153853007675
610,Alfy,Blaisdell,6 American Ash Trail,8121975843522
611,Freddie,Catonnet,074 Butterfield Terrace,6595648048605
612,Audy,Riddick,5 Trailsway Lane,5239754646700
613,Kahlil,Brent,79 Mcbride Road,2229486792652
614,Denney,Leadbitter,99870 Butternut Place,0133963891723
615,Olivia,Sawle,92 Blue Bill Park Trail,9427481395050
616,Kelley,Gartsyde,46 Cherokee Trail,6714524591563
617,Mari,Menat,90 John Wall Plaza,0605018190033
618,Doy,MacNeillie,6 Coleman Pass,6127178660343
619,Caryl,Teck,081 Sugar Terrace,1805456751539
620,Yvon,Wharmby,45517 Colorado Alley,9275265937445
621,Corissa,Mewe,1632 Manufacturers Lane,0835459341340
622,Adelheid,Tregiddo,59407 Northfield Terrace,5221835219880
623,Ashia,Theakston,08489 Crescent Oaks Pass,7914691410758
624,Tristan,Cisec,9 Milwaukee Circle,5210773954935
625,Joline,Bischof,17 Northridge Way,7317956932425
626,Hunfredo,Soppett,6127 New Castle Center,1415760045806
627,Perl,Eltringham,860 Garrison Court,8624109007045
628,Candida,Lyddyard,36290 Superior Avenue,9310510397273
629,Adriana,Leheude,5844 Cherokee Parkway,2502540025048
630,Reeta,Houseago,4 Luster Junction,1009392080278
631,Annemarie,Chapell,5064 Jenifer Parkway,2612641106269
632,Aymer,Gravenell,169 Eagle Crest Avenue,0560884296432
633,Pierette,Ambroziak,22891 Columbus Junction,5507599858249
634,Oneida,Tilt,1568 Bonner Circle,4163190042774
635,Derril,Spoward,13 Glendale Plaza,4735834493614
636,Natalie,Laming,48 Harbort Road,1544704044275
637,Odessa,Stenton,5156 Fisk Road,7558936205655
638,Karon,MacMenemy,55 Morning Junction,3997153928790
639,Leena,Bollen,94629 Jenna Park,1499036423349
640,Annabela,Lautie,194 Dapin Court,0044951798789
641,Cyndy,St Leger,4 Main Parkway,4377197437919
642,Dreddy,Cristea,39001 Havey Trail,5575018028460
643,Zena,Landells,05679 Bonner Crossing,3890975525203
644,Prudence,Lickorish,2 John Wall Hill,9945240208223
645,Rog,Drieu,258 Kropf Lane,5862894724499
646,Katee,Allmann,4174 Charing Cross Drive,1126667438004
647,Irene,Casement,3 Northridge Street,9940180832684
648,Mort,McReynold,136 Logan Circle,5849272816147
649,Flint,Mougenel,73208 Upham Place,4409047038116
650,Wendel,Pendrigh,167 Lake View Avenue,4209920208672
651,Barby,Bareham,64 Lawn Park,6591755815240
652,Demetrius,Haryngton,56039 Brentwood Park,3439515432927524
653,Percival,Cauley,674 Menomonie Point,3646679201969
654,Andriana,Reubel,4 1st Lane,8437427798622
655,Susan,Hugo,28 Granby Street,0587882062514
656,Sonnie,Hain,6000 5th Road,3161747904541
657,Barbara,Gamlin,3 Lake View Parkway,1425642983407
658,Ruby,Skelly,8 Rutledge Center,1997133293048
659,Bradford,Wogdon,65374 Gale Terrace,5264692232606
660,Francene,Sellan,052 Huxley Road,4017720831814
661,Alexandros,Bernuzzi,93 Main Point,8577608754533
662,Shep,Jovanovic,55 7th Terrace,1180533341480
663,Siouxie,Westbury,4884 Ramsey Crossing,0893770352549
664,Loella,Goody,302 Red Cloud Drive,2311866923448
665,Kelcie,Bertomieu,745 Huxley Road,4623342899642
666,Fredelia,Smallpiece,5246 Buena Vista Terrace,4805354229251
667,Yolanda,Begley,67147 Merchant Alley,2797981007718
668,Ruddy,Druery,5 Gerald Junction,8649409908268
669,Mac,Jammet,33 Ohio Center,1026823780727
670,Simona,Cathesyed,53 Forest Dale Park,059853453564664049
671,Kelcie,Cammell,0 Hovde Plaza,1688003502664
672,Oliviero,Bumpas,81119 Westerfield Crossing,7865558090707
673,Lurline,Stokoe,34753 Southridge Lane,9928157392711
674,Terri,Ruusa,3 Cottonwood Junction,8110954568534
675,Sidney,Lockhead,37309 Talisman Road,5411361544585
676,Elden,Fatkin,32 Huxley Street,7285558520880
677,Onofredo,Jantet,15 Rutledge Junction,9803664098351
678,Rora,Jenteau,91905 Thackeray Plaza,8707557902997
679,Chrisse,Tysall,4217 Express Junction,1167481456055
680,Benjamin,Wilce,37886 Grim Junction,0588827011138
681,Antonina,Lowles,52 Atwood Circle,3137405978037
682,Ardisj,Room,99946 Delladonna Place,0771114441327
683,Rowan,Snelman,197 Porter Junction,4273338133940
684,Maryanne,Prandy,39 Bunker Hill Trail,0725879981270
685,Terrill,Snowman,00 Roxbury Road,6484304914831
686,Gardie,Ida,88458 Bellgrove Place,2802125971896
687,Zachariah,Paolicchi,19 Wayridge Junction,3818020491552
688,Carolyne,Bamford,17268 Loomis Parkway,8590447811994
689,Aron,Tompion,39111 Mayfield Street,0303191356129
690,Holly,McIver,63 Sycamore Crossing,3698990364937
691,Orella,Vogele,2417 Lindbergh Pass,0870951698350
692,Tandy,Endle,43 Porter Road,9399240513858
693,Jacquelin,Filochov,51 Loomis Junction,5796455040959
694,Madison,Norsister,8 Parkside Park,7929754479688
695,Vanya,Niaves,35 Lotheville Trail,6972988817276
696,Marlyn,Ayres,0946 Pepper Wood Street,6366501650345
697,Sergeant,Scamerden,38059 Holy Cross Pass,8827994741088
698,Sheppard,Olyff,162 Hovde Trail,7162968299819
699,Chrisse,Rawlinson,9 Pawling Way,1232773645686
700,Garrard,Moro,3465 Mcguire Pass,3833670087064
701,Nonnah,Grummitt,8365 Fair Oaks Circle,1057944806411
702,Alyda,Skase,5 Stang Pass,3631234720608
703,Georgi,Brickner,22 Pleasure Junction,9874283475022
704,Van,Baudichon,813 Schiller Plaza,3826887639672
705,Igor,Purselow,717 Doe Crossing Point,6454706161499
706,Agnola,Killiner,2162 Springs Park,00066782753453453865
707,Davey,Brucker,7 Cottonwood Plaza,2997707042127
708,Sigfried,Dymott,3751 Elka Court,6437574554424
709,Erica,Clemas,9560 Bashford Pass,2735362000510
710,Etan,Taffarello,1752 Starling Plaza,8686176180970
711,Wylie,Tows,71 Towne Avenue,9093550302205
712,Kerk,Bosanko,38985 Rutledge Park,0465926838570
713,Jerald,Handforth,36373 Vahlen Terrace,6617354255858
714,Polly,Imort,3158 Esker Parkway,3161221351010
715,Paten,Cockney,4 Myrtle Lane,3690025861413
716,Liuka,Dunican,156 Gateway Terrace,4213966665812
717,Letta,Bridgwater,38814 Banding Point,5103558944426
718,Gusti,Barham,06 West Street,8739417450083
719,Tedi,Lowfill,285 Scofield Drive,6472860572049
720,Homerus,Fawdry,018 Mccormick Point,1810916070800
721,Gabbie,Nerger,5 Farmco Circle,8883653378155
722,Michele,Dowty,57 Mallard Alley,0008984299365
723,Meade,Deackes,7155 Stuart Center,4542632028649
724,Corbett,Axelbee,5205 Marquette Parkway,9215723366011
725,Crosby,Falla,4572 Farragut Avenue,7873412645750
726,Moses,Heningam,4108 Becker Point,2160145680327
727,Lia,Krzysztofiak,688 Hoepker Center,3442884887702
728,Desdemona,Vanin,17920 Washington Trail,8552579318987
729,Shauna,Hebbes,6137 Luster Parkway,6660331330341
730,Herold,Moreinis,4137 Merchant Pass,0178548009399
731,Lenci,Dugald,585 Brentwood Center,5570564162601
732,Conway,Seldner,231 Ohio Lane,3708955589819
733,Elfie,Davitti,57177 Fisk Court,7405169760945
734,Avrom,Rimour,5 Eastwood Junction,7443617045229
735,Beverlie,Redgrove,1144 Reinke Circle,2741139743510
736,Saw,Levay,130 Kingsford Court,3523157857606
737,Aharon,Cuberley,6 Commercial Drive,4222868927984
738,Dion,Gimenez,8963 Tennessee Terrace,7270260012348
739,Flora,Dartnell,948 Elka Circle,5556015840241
740,Eileen,Hurtado,2512 Shelley Junction,3007845101608
741,Dyanne,Shoute,80 Fieldstone Crossing,3872457037286
742,Corissa,Cloney,9775 Rowland Crossing,2646925555625
743,Giuditta,Fache,52 Fulton Circle,27051135000534535436
744,Shayne,Rosewall,38824 Dexter Hill,2063006370571
745,Vince,Dashwood,28 2nd Road,6550891253409
746,Angelia,End,41147 Pennsylvania Trail,2924120069379
747,Rory,Toleman,43936 Hollow Ridge Lane,3607541641935
748,Jandy,Liddle,2543 Farmco Avenue,7749903715257
749,Tammi,Gorch,1405 Vahlen Parkway,4171622065908
750,Adan,O'Beirne,21 Tennyson Junction,7658758870873
751,Mortie,Bromidge,6183 Darwin Road,4389362176101
752,Arleta,Ruffy,82817 Evergreen Circle,4863988217904
753,Brose,Innott,79096 Dunning Circle,8944183014003
754,Golda,Bemwell,25185 Judy Crossing,8217276767114
755,Onfre,Bottle,65 Monument Center,0803083424443
756,Florri,Elletson,08011 Everett Junction,7072349297935
757,Junie,Gudgin,05298 Steensland Circle,5495836657577
758,Marcelo,Pfaffe,5744 Sutherland Pass,4202005129257
759,Betteann,Fliege,1653 Monterey Point,3920671080375
760,Reta,Guittet,048 Ronald Regan Junction,3578705813521
761,Anna-diane,Cheers,10363 Boyd Plaza,6947515168237
762,Bethina,Skehan,50 Ludington Parkway,5776066181534
763,Loleta,Bussey,71 Novick Terrace,4597922238832
764,Mag,Lackham,984 Corben Parkway,5323400227875
765,Noellyn,Geffen,78359 Susan Avenue,3028406183927
766,Madelena,Kinnach,17227 Havey Lane,1132120814034
767,Norris,Rideout,439 Oneill Trail,3635927418376
768,Nerissa,Winram,9476 Forster Way,9596517620159
769,Lynnelle,Daelman,03 Pearson Terrace,1684057026677
770,Juieta,Legrand,67 Mitchell Way,3403922437362
771,Dew,Angliss,0919 Florence Drive,7963182124528
772,Ariel,Groocock,38308 Graedel Center,9692572544240
773,Norina,Moogan,26249 Northfield Way,5970082544211
774,Pip,Murrell,332 Jenna Circle,0851226925115
775,Mylo,Zanelli,4 Merrick Park,0471536207102
776,,Dungate,974 Dennis Parkway,1032701717758
777,Sara-ann,de Quesne,3 Kenwood Park,1970073111854
778,Gayle,Hubbold,3 Loftsgordon Court,1460072683974
779,Noelyn,Butterfield,226 Clemons Terrace,6480833038614
780,Katinka,Chaperling,9649 Porter Lane,2630057552587
781,Karel,Drepp,0206 Moose Center,2710928331607
782,Standford,Sweatman,665 Forest Dale Crossing,3453548096223256090
783,Dolorita,Camillo,5 Bartelt Circle,8633519375557
784,Kathlin,De Micoli,82684 Hintze Parkway,9460272642288
785,Editha,Itchingham,4701 Twin Pines Way,9707612166201
786,Creight,Marrow,32635 Spenser Terrace,1379229742626
787,Toiboid,Emanueli,256 Dryden Circle,1858481799900
788,Hercules,Hugues,372 Kings Point,1369140709439
789,Jessica,Starbeck,07990 Crownhardt Center,6199464995527
790,Federico,Flory,0 Jay Place,0975412307893
791,Winna,Gibbin,32340 School Trail,3107520231901
792,Vivi,Kinsman,80696 Pleasure Trail,9266010738315
793,Corena,Erangey,0 Milwaukee Junction,3429716059262
794,Morna,Baumber,853 Lillian Way,8922368547495
795,Nolly,Meadows,819 Roth Hill,5346690940426
796,Ester,Brunnen,81290 Grayhawk Trail,3419394463243
797,Angelica,Slaght,0643 Sherman Alley,1489989043514
798,Phillida,Marzelo,30401 Grover Avenue,2991855241576
799,Valeda,Idell,2397 Vidon Park,3568901056480
800,Yvon,Flew,802 3rd Road,6659547123538
801,Dacy,Lush,2058 Ridgeway Point,9060316664386
802,Hurleigh,Klimkovich,00478 Browning Center,0096598176277
803,Gilberte,Mulcock,84 Dayton Crossing,45608339534534536741
804,Markus,Hasley,66 Basil Trail,3883324940270
805,Sherwin,Bubbings,8896 Birchwood Alley,3231631421219
806,Evy,Chaunce,78 Maple Wood Lane,4212871684828
807,Nicky,Lloyd-Williams,2739 5th Point,2492393079290
808,Griswold,Skates,77 Erie Hill,3516308212503
809,Sloan,Peddar,14 Glendale Center,8425986099970
810,Leone,Benson,713 Milwaukee Street,6017401505942
811,Brook,Moralas,8 Fremont Lane,6910871581804
812,Mandel,Stoile,831 Village Green Park,0293795466979
813,Rriocard,Silburn,45807 Ramsey Way,1050810371096
814,Brit,Olliff,20 Pennsylvania Pass,6200086184262
815,Xena,Grandham,209 Miller Terrace,7155192541482
816,Lindsey,Moorcroft,436 Columbus Hill,1610017169229
817,Sonja,Woolford,16 Merrick Drive,8746051972156
818,Durant,Bernholt,95254 Hintze Court,5016791675308
819,Letta,Goldsby,646 Mayfield Park,9838519938334
820,Emylee,Coulman,16652 Ridge Oak Trail,0724908262426
821,Marigold,Janowicz,8 Brentwood Court,1071953471098
822,Maia,Donald,09530 Macpherson Circle,7536282521018
823,Tobias,Cossar,4 Sutteridge Circle,6521555398920
824,Charlena,Mildmott,6399 Summit Plaza,9202756014192
825,Augusto,Bogies,198 Thierer Center,7234010339503
826,Arliene,Dankersley,303 Sycamore Center,6400636514527
827,Lorinda,Ferraraccio,823 Kim Junction,1738134582541
828,Carey,Moorhouse,4837 Blackbird Drive,5860211102945
829,,Triggol,4285 Fisk Trail,6582540596279
830,Shawnee,Quernel,4866 Waubesa Alley,6046594901856
831,Marjy,Gothard,7 Roxbury Plaza,6232191208519
832,Sib,Faye,64296 Dryden Parkway,5278004205268
833,Flynn,Loch,412 Amoth Lane,7391540430212
834,Sisile,Hillatt,837 Fieldstone Junction,1897449041238
835,Roselle,Oxe,482 Shoshone Point,6425315645970
836,Leisha,Chesshyre,17119 Manley Street,4894869010367
837,Tonia,MacLese,627 Johnson Way,0921888377638
838,Lurleen,Kennerley,73 Killdeer Plaza,6558672033423
839,Estevan,Chrstine,8 6th Court,3537056400916
840,Wilburt,Josephy,03 Grover Alley,0564066080386
841,Betsey,Saphir,7 Fuller Lane,7627635793942
842,Sanford,Roelofsen,21 Michigan Plaza,716030633345322979
843,Jedediah,Beckhouse,6194 Norway Maple Way,2428584286859
844,Junie,Kalinowsky,413 Fair Oaks Circle,2848360649288
845,Eziechiele,Petegree,6 Buena Vista Court,9240747663042
846,Niel,Scawn,826 Sommers Park,2838756816025
847,Fleurette,Crossgrove,8026 Thierer Junction,9490574181257
848,Robb,Cossell,04 Forest Dale Circle,6990780234718
849,Madelina,Turbard,7707 Quincy Way,4935812956031
850,Asher,Basil,6 Sachs Court,1290760425619
851,Daryn,Giacopazzi,094 Comanche Drive,7421454929593
852,Johny,FitzAlan,722 Rigney Alley,4920804002334
853,Wynnie,Blesdill,961 Derek Pass,9137011573036
854,Diandra,Kolakowski,4777 Elgar Center,4162574380256
855,Yoshi,Shepard,50362 Daystar Hill,9272917892137
856,Randell,Candlin,2 Gale Hill,1130913280142
857,Stanleigh,Wildish,50898 Bartelt Center,1609453142397
858,Isak,Icke,69551 Scott Lane,0048004389074
859,Stevy,Parsall,39 Melrose Avenue,3947190162556
860,Bronson,Lanceter,30278 Mariners Cove Crossing,9831868577530
861,Abby,Macilhench,68 Bonner Terrace,1934189850601
862,Marylin,Dauncey,2 Drewry Way,4717127347748
863,Masha,Leadbeater,221 Anniversary Road,7484807443551
864,Jami,,52782 Holmberg Crossing,9494778171311
865,Karna,Mattiassi,37174 Springview Road,5822924573199
866,Cher,Jutson,456 Kingsford Point,0603293720611
867,Kurtis,Dibbe,347 Helena Circle,3158633172675
868,Brien,Kehri,2 Lakeland Court,9435013890468
869,Herby,Kording,2595 Cherokee Point,4684503856324
870,Jonis,Francescozzi,316 Truax Point,1773783442429
871,Archer,Juszczyk,2 Lillian Road,7175767247240
872,Janka,Lattin,874 6th Parkway,2015204773178
873,Boniface,Gogarty,73 Shopko Park,5907759974428
874,Raimondo,Chadney,348 Victoria Point,3876359244575
875,John,Kase,4 Melby Park,9214013107350
876,Conrade,Bessent,4 Schmedeman Plaza,3421276980810
877,Gradeigh,Buggy,0 Anniversary Road,7964690754510
878,Shellie,Sturridge,9506 Algoma Alley,2056678882818
879,Jeri,Yepiskov,0588 Messerschmidt Hill,7332313313004
880,Emogene,Jerams,45679 Meadow Ridge Terrace,4022256445572
881,Vernen,Pirazzi,23 Cambridge Road,2713608483647
882,Der,Bryenton,6651 Lukken Drive,89754419594993453
883,Vick,Mackerel,0 Cody Street,2854667765199
884,Stanly,Procter,0 Fulton Hill,7615994986134
885,Abba,Nutton,2860 Burrows Alley,7299163009254
886,Emlynne,Treasaden,282 Brentwood Way,0238389738392
887,Ilise,Otterwell,43 Doe Crossing Center,9220727777956
888,Pietrek,Darnbrough,593 Northfield Parkway,9836532652525
889,Rutter,Prozescky,289 Karstens Trail,7079692330091
890,Orazio,Wilman,9 Mcguire Junction,6354161159245
891,Tuck,Corradengo,16557 Vermont Trail,9591253316289
892,Saundra,Willmott,6 Oak Court,2211391380711
893,Budd,Cusiter,5374 Rieder Road,9836190267445
894,Eadie,Tunuy,975 Main Street,4575320010048
895,Sterling,Allender,8 Grasskamp Circle,7407799721643
896,Brenna,Sandbatch,5234 Thompson Point,9313119134280
897,Mab,Grason,5679 Anniversary Point,8000079250652
898,Sharai,Nyssens,78 Swallow Road,9573764827235
899,Micky,Bunson,280 Myrtle Circle,2528524181961
900,Nealson,Fairholme,668 Armistice Terrace,2231880953812
901,Randi,Kyttor,67 Mcguire Court,7676891099286
902,Callean,Ambridge,0884 Dawn Avenue,7074999502284
903,Dorotea,,85364 Sutteridge Place,3675012633756
904,Darell,Cockshtt,09 Sunfield Court,0100052220244
905,Ilyse,Kobsch,980 Lakewood Gardens Junction,9948941587090
906,Moll,Giovanizio,04 Lotheville Plaza,0828807308575
907,Louella,Merrifield,23065 Sunnyside Pass,5749529287735
908,Kristoforo,Coughtrey,1686 Sycamore Point,4159678041637
909,Adan,Sterman,12559 Prairie Rose Park,3484270896997
910,Merrill,Cheyney,52 Basil Lane,5619879188063
911,Izak,Simonel,962 Badeau Plaza,480871702896434534
912,Jacintha,Sodo,1779 Rusk Way,0109417560381
913,Pierette,Degli Abbati,8 Gerald Circle,4086229485775
914,Nevile,Alelsandrowicz,29957 Emmet Pass,9054540998901
915,Ash,Fancett,86 Barnett Court,0750937105688
916,Rad,Hardcastle,040 Oak Junction,7205487709426
917,Huntlee,Harvatt,18 Lakeland Plaza,1218907133962
918,Ranice,Dunican,05 Huxley Way,3491181736530
919,Caro,Giacobini,7595 Parkside Point,0827311308863
920,Natassia,Mathieu,629 Oxford Park,4767548110593
921,Ruben,Freear,549 New Castle Center,3784547856358
922,Cheri,Janney,836 3rd Crossing,0406471858056
923,Catharine,Tweddell,34 Warner Parkway,2998370439079
24,Ofella,Batisse,78 Morrow Drive,0923322728851
925,Norbert,Kenwell,84529 Raven Lane,9777797367209
26,Midge,Lindenbluth,1 Londonderry Road,3396003201161
27,Cosimo,Gidden,07 Forest Circle,4700832780857
28,Osmund,Driffe,02915 Lien Crossing,1336841726979
29,Kelley,Duinbleton,38 Barby Crossing,9879196442008
30,Sabine,Blench,4934 Roxbury Center,6233267071822
31,Russ,Ivachyov,1745 Lakeland Pass,3870291011742
32,Cory,Blethin,5425 Goodland Court,612884781713543463
33,Maudie,Jarrad,9422 Fieldstone Court,6572976119012
34,Karlik,Tomczynski,34 Harper Parkway,8107445694124
35,Elinor,Brunroth,3 Fordem Avenue,8897605260277
36,Kaitlyn,Willmer,8688 Kropf Circle,3312245316092
37,Karleen,Bowerbank,420 Shopko Street,7148872355871
938,Birch,Woolland,523 Oak Point,1694086629024
939,Darell,Emmanueli,879 Rowland Court,5016862556676
940,Lucky,Lansdowne,42 Autumn Leaf Point,2025207241759
941,Penrod,Schuelcke,1 Pleasure Point,2320868024628
942,Tod,Kislingbury,5411 Tennyson Circle,9476383322184
943,Randolf,Reedick,52 Columbus Place,9010527167471
944,Vlad,Baskerfield,109 Pleasure Center,2513259460121
945,Henryetta,Fanthom,888 Larry Avenue,4483709944488
946,Gnni,Camden,63 Sloan Point,2983814298233
947,Thaine,Dannohl,92986 Dryden Center,1594064530530
948,Yelena,Sherrard,19964 Spaight Court,9929095810021
949,Phyllys,Bowditch,719 Russell Pass,2489947345747
950,Beth,Downage,557 Carberry Alley,5252791779635
951,Thomasina,Clooney,5 Southridge Center,1846827273409
952,Evvie,Scoterbosh,6791 Kings Parkway,2983817391621
953,Chaddy,Culpin,3 Badeau Pass,6825471669831
954,Field,Bunce,292 International Crossing,4557427744476
955,Blisse,Clandillon,8402 Bartelt Plaza,5193234779806
56,Cathy,Ulrik,1 Fairview Junction,0138683604945
57,Basil,Mabley,6058 Bluejay Junction,7322485633931
58,Noam,Darkott,7527 Derek Point,9510706970110
59,Lianne,Borrott,9251 Macpherson Street,2020180205106
60,Liuka,Cubuzzi,124 Hooker Terrace,4573064853229
61,Sean,Sheards,56927 Saint Paul Lane,9415670214683
962,Red,Baxster,04 Lawn Way,6028189814191
963,Bobbee,Micheli,655 Warner Point,4230008755971
964,Sonnie,Provest,5250 Stoughton Lane,1945590731050
965,Abigael,Likly,09372 Kensington Plaza,6166848401364
966,Tilda,Mocquer,4 Anhalt Crossing,6215720423166
967,Vin,Savaage,0503 Pankratz Lane,4043399557020
968,Jan,Swepson,394 7th Plaza,0641418782488
969,Giffer,O'Dyvoy,104 Pearson Terrace,6272627116583
970,Carolin,MacClinton,103 Saint Paul Alley,3035847745369
971,Leonie,Clutterbuck,1 Sutherland Drive,4829044144935
972,Shawn,Stetson,160 Michigan Junction,0858147047758
973,Emmy,Carbert,7 Annamark Avenue,1882001848166
974,Fanchette,Jillins,1164 Dakota Trail,4802371981956
975,Yevette,Scullard,182 Helena Park,9298668681711
976,Saul,Eskrick,788 Stuart Place,0005148371699
977,Rasla,Rosenbush,3123 Mitchell Lane,4379744512852
978,Alfredo,Sanney,3 Dahle Hill,1059242988989
979,Dennie,Bruckenthal,56633 Rusk Plaza,8500751340065
980,Salomone,,681 Bluestem Plaza,2137857290140
981,Marnie,Cairney,35 Dapin Drive,8331453758659
82,Trudi,Sturgis,9 Division Crossing,4576842841089
83,Stearn,Frohock,0682 Shelley Trail,3822093071422
84,Clair,Gotts,66 Russell Avenue,7640431944331
85,Damon,Ruffey,58752 Southridge Crossing,1259462790317
986,Mariana,Zorzin,64092 Corry Parkway,0296068638954
987,Francyne,Loffel,701 Bunker Hill Alley,0800907675784
988,Agnesse,Hosier,0 Miller Point,7918430051372
989,Falkner,MacGorley,16878 Eggendart Center,3838753946790
990,Carmencita,Sudddard,08 New Castle Parkway,6548064869135
991,Lonny,Sleney,7920 Tennessee Trail,9365375649041
992,Alameda,Tommis,2099 Novick Way,4492867382504
993,Thatcher,McGawn,4 Katie Point,1965521785441
994,Bayard,Mapstone,19700 Kensington Place,0117685058719
995,Brook,Tugman,92183 Warner Court,4695126175728
996,Anet,Bengough,60 Aberg Road,6387921122889
997,Cordula,Lonie,4 Park Meadow Trail,5260061648868
998,Perkin,Lardnar,2 Melody Street,6574166934734
999,Ford,Camilli,92235 Maryland Court,5174884802838
1000,Meara,Mapholm,286 Fairview Parkway,8986505132909